Timestamp,Action,Price,Balance,PnL%,Result
2026-02-10T01:45:00.000Z,ENTRY_LONG,70364.0000,8.00,0,PENDING
2026-02-10T02:15:00.000Z,EXIT_LONG,70270.0000,7.68,-5.71%,LOSS
2026-02-10T02:15:00.000Z,ENTRY_LONG,70270.0000,7.68,0,PENDING
2026-02-10T02:35:00.000Z,EXIT_LONG,70059.0000,7.37,-5.71%,LOSS
2026-02-10T02:35:00.000Z,ENTRY_LONG,70059.0000,7.37,0,PENDING
2026-02-10T03:05:00.000Z,EXIT_LONG,69771.0000,7.08,-5.71%,LOSS
2026-02-10T03:10:00.000Z,ENTRY_LONG,69808.0000,7.08,0,PENDING
2026-02-10T03:15:00.000Z,EXIT_LONG,69534.0000,6.79,-5.71%,LOSS
2026-02-10T03:15:00.000Z,ENTRY_LONG,69534.0000,6.79,0,PENDING
2026-02-10T03:30:00.000Z,EXIT_LONG,69386.0000,6.52,-5.71%,LOSS
2026-02-10T03:30:00.000Z,ENTRY_LONG,69386.0000,6.52,0,PENDING
2026-02-10T04:10:00.000Z,EXIT_LONG,69766.0000,7.18,14.29%,WIN
2026-02-10T04:55:00.000Z,ENTRY_LONG,69803.0000,7.18,0,PENDING
2026-02-10T05:05:00.000Z,EXIT_LONG,69690.0000,6.89,-4.57%,LOSS
2026-02-10T05:10:00.000Z,ENTRY_LONG,69773.0000,6.89,0,PENDING
2026-02-10T05:15:00.000Z,EXIT_LONG,69632.0000,6.61,-5.71%,LOSS
2026-02-10T05:15:00.000Z,ENTRY_SHORT,69632.0000,6.61,0,PENDING
2026-02-10T05:40:00.000Z,EXIT_SHORT,69342.0000,7.27,14.29%,WIN
2026-02-10T05:50:00.000Z,ENTRY_LONG,69372.0000,7.27,0,PENDING
2026-02-10T06:15:00.000Z,EXIT_LONG,69331.0000,6.98,-4.57%,LOSS
2026-02-10T06:35:00.000Z,ENTRY_LONG,69128.0000,6.98,0,PENDING
2026-02-10T06:40:00.000Z,EXIT_LONG,68995.0000,6.70,-5.71%,LOSS
2026-02-10T06:40:00.000Z,ENTRY_LONG,68995.0000,6.70,0,PENDING
2026-02-10T06:45:00.000Z,EXIT_LONG,68822.0000,6.44,-5.71%,LOSS
2026-02-10T06:45:00.000Z,ENTRY_LONG,68822.0000,6.44,0,PENDING
2026-02-10T07:10:00.000Z,EXIT_LONG,69079.0000,7.08,14.29%,WIN
2026-02-10T07:30:00.000Z,ENTRY_LONG,68929.0000,7.08,0,PENDING
2026-02-10T08:15:00.000Z,EXIT_LONG,68747.0000,6.80,-4.57%,LOSS
2026-02-10T08:15:00.000Z,ENTRY_LONG,68747.0000,6.80,0,PENDING
2026-02-10T08:30:00.000Z,EXIT_LONG,69017.0000,7.48,14.29%,WIN
2026-02-10T08:40:00.000Z,ENTRY_SHORT,69041.0000,7.48,0,PENDING
2026-02-10T09:00:00.000Z,EXIT_SHORT,69321.0000,7.18,-4.57%,LOSS
2026-02-10T09:25:00.000Z,ENTRY_LONG,69251.0000,7.18,0,PENDING
2026-02-10T09:35:00.000Z,EXIT_LONG,69143.0000,6.89,-5.71%,LOSS
2026-02-10T09:35:00.000Z,ENTRY_LONG,69143.0000,6.89,0,PENDING
2026-02-10T09:45:00.000Z,EXIT_LONG,69010.0000,6.61,-5.71%,LOSS
2026-02-10T09:45:00.000Z,ENTRY_SHORT,69010.0000,6.61,0,PENDING
2026-02-10T10:00:00.000Z,EXIT_SHORT,69097.0000,6.35,-5.71%,LOSS
2026-02-10T10:15:00.000Z,ENTRY_SHORT,69013.0000,6.35,0,PENDING
2026-02-10T10:25:00.000Z,EXIT_SHORT,69141.0000,6.10,-5.71%,LOSS
2026-02-10T10:25:00.000Z,ENTRY_SHORT,69141.0000,6.10,0,PENDING
2026-02-10T11:00:00.000Z,EXIT_SHORT,68860.0000,6.70,14.29%,WIN
2026-02-10T11:15:00.000Z,ENTRY_SHORT,68962.0000,6.70,0,PENDING
2026-02-10T11:40:00.000Z,EXIT_SHORT,68635.0000,7.38,11.43%,WIN
2026-02-10T11:40:00.000Z,ENTRY_SHORT,68635.0000,7.38,0,PENDING
2026-02-10T12:05:00.000Z,EXIT_SHORT,68683.0000,7.08,-3.81%,LOSS
2026-02-10T12:05:00.000Z,ENTRY_SHORT,68683.0000,7.08,0,PENDING
2026-02-10T12:30:00.000Z,EXIT_SHORT,68683.0000,6.80,-5.71%,LOSS
2026-02-10T12:40:00.000Z,ENTRY_SHORT,68532.0000,6.80,0,PENDING
2026-02-10T13:15:00.000Z,EXIT_SHORT,68600.0000,6.53,-5.71%,LOSS
2026-02-10T13:15:00.000Z,ENTRY_SHORT,68600.0000,6.53,0,PENDING
2026-02-10T13:20:00.000Z,EXIT_SHORT,68734.0000,6.26,-5.71%,LOSS
2026-02-10T13:30:00.000Z,ENTRY_LONG,68997.0000,6.26,0,PENDING
2026-02-10T13:50:00.000Z,EXIT_LONG,68955.0000,6.01,-5.71%,LOSS
2026-02-10T14:00:00.000Z,ENTRY_LONG,68852.0000,6.01,0,PENDING
2026-02-10T14:15:00.000Z,EXIT_LONG,69471.0000,6.62,14.29%,WIN
2026-02-10T14:15:00.000Z,ENTRY_SHORT,69471.0000,6.62,0,PENDING
2026-02-10T14:30:00.000Z,EXIT_SHORT,69090.0000,7.28,11.43%,WIN
2026-02-10T14:30:00.000Z,ENTRY_LONG,69090.0000,7.28,0,PENDING
2026-02-10T14:35:00.000Z,EXIT_LONG,68536.0000,6.95,-4.32%,LOSS
2026-02-10T14:40:00.000Z,ENTRY_SHORT,68212.0000,6.95,0,PENDING
2026-02-10T14:55:00.000Z,EXIT_SHORT,68418.0000,6.51,-9.00%,LOSS
2026-02-10T14:55:00.000Z,ENTRY_SHORT,68418.0000,6.51,0,PENDING
2026-02-10T15:05:00.000Z,EXIT_SHORT,68912.0000,6.07,-9.61%,LOSS
2026-02-10T15:05:00.000Z,ENTRY_SHORT,68912.0000,6.07,0,PENDING
2026-02-10T15:25:00.000Z,EXIT_SHORT,69184.0000,5.62,-10.60%,LOSS
2026-02-10T15:25:00.000Z,ENTRY_LONG,69184.0000,5.62,0,PENDING
2026-02-10T16:10:00.000Z,EXIT_LONG,69639.0000,5.29,-8.29%,LOSS
2026-02-10T16:15:00.000Z,ENTRY_LONG,69479.0000,5.29,0,PENDING
2026-02-10T17:40:00.000Z,EXIT_LONG,69857.0000,6.06,20.58%,WIN
2026-02-10T17:50:00.000Z,ENTRY_LONG,69724.0000,6.06,0,PENDING
2026-02-10T18:15:00.000Z,EXIT_LONG,69517.0000,5.73,-6.20%,LOSS
2026-02-10T18:20:00.000Z,ENTRY_LONG,69315.0000,5.73,0,PENDING
2026-02-10T18:25:00.000Z,EXIT_LONG,68860.0000,5.44,-7.31%,LOSS
2026-02-10T18:25:00.000Z,ENTRY_SHORT,68860.0000,5.44,0,PENDING
2026-02-10T18:30:00.000Z,EXIT_SHORT,68770.0000,5.13,-8.09%,LOSS
2026-02-10T18:40:00.000Z,ENTRY_SHORT,68964.0000,5.13,0,PENDING
2026-02-10T18:45:00.000Z,EXIT_SHORT,68696.0000,5.67,15.08%,WIN
2026-02-10T18:45:00.000Z,ENTRY_LONG,68696.0000,5.67,0,PENDING
2026-02-10T19:35:00.000Z,EXIT_LONG,69190.0000,6.30,12.74%,WIN
2026-02-10T19:35:00.000Z,ENTRY_LONG,69190.0000,6.30,0,PENDING
2026-02-10T19:55:00.000Z,EXIT_LONG,69027.0000,5.97,-4.96%,LOSS
2026-02-10T20:20:00.000Z,ENTRY_SHORT,68753.0000,5.97,0,PENDING
2026-02-10T20:30:00.000Z,EXIT_SHORT,68641.0000,5.72,-6.15%,LOSS
2026-02-10T20:35:00.000Z,ENTRY_SHORT,68797.0000,5.72,0,PENDING
2026-02-10T21:05:00.000Z,EXIT_SHORT,68880.0000,5.46,-6.38%,LOSS
2026-02-10T21:25:00.000Z,ENTRY_LONG,68615.0000,5.46,0,PENDING
2026-02-10T21:30:00.000Z,EXIT_LONG,68474.0000,5.24,-5.71%,LOSS
2026-02-10T21:30:00.000Z,ENTRY_SHORT,68474.0000,5.24,0,PENDING
2026-02-10T21:50:00.000Z,EXIT_SHORT,68643.0000,5.03,-5.86%,LOSS
2026-02-10T21:50:00.000Z,ENTRY_SHORT,68643.0000,5.03,0,PENDING
2026-02-10T22:35:00.000Z,EXIT_SHORT,68793.0000,4.83,-5.71%,LOSS
2026-02-10T23:20:00.000Z,ENTRY_LONG,68550.0000,4.83,0,PENDING
2026-02-11T00:05:00.000Z,EXIT_LONG,68892.0000,5.31,14.29%,WIN
2026-02-11T00:10:00.000Z,ENTRY_LONG,68771.0000,5.31,0,PENDING
2026-02-11T00:25:00.000Z,EXIT_LONG,69158.0000,5.84,11.43%,WIN
2026-02-11T01:20:00.000Z,ENTRY_SHORT,68955.0000,5.84,0,PENDING
2026-02-11T02:00:00.000Z,EXIT_SHORT,69057.0000,5.61,-3.81%,LOSS
2026-02-11T02:40:00.000Z,ENTRY_SHORT,68840.0000,5.61,0,PENDING
2026-02-11T03:10:00.000Z,EXIT_SHORT,68489.0000,6.17,14.29%,WIN
2026-02-11T03:15:00.000Z,ENTRY_LONG,68061.0000,6.17,0,PENDING
2026-02-11T03:35:00.000Z,EXIT_LONG,68358.0000,6.78,11.43%,WIN
2026-02-11T04:20:00.000Z,ENTRY_LONG,67800.0000,6.78,0,PENDING
2026-02-11T04:25:00.000Z,EXIT_LONG,67537.0000,6.48,-4.18%,LOSS
2026-02-11T04:25:00.000Z,ENTRY_LONG,67537.0000,6.48,0,PENDING
2026-02-11T04:40:00.000Z,EXIT_LONG,67470.0000,6.18,-6.75%,LOSS
2026-02-11T04:40:00.000Z,ENTRY_LONG,67470.0000,6.18,0,PENDING
2026-02-11T06:05:00.000Z,EXIT_LONG,67068.0000,5.88,-6.93%,LOSS
2026-02-11T06:05:00.000Z,ENTRY_LONG,67068.0000,5.88,0,PENDING
2026-02-11T06:10:00.000Z,EXIT_LONG,66863.0000,5.62,-6.31%,LOSS
2026-02-11T06:15:00.000Z,ENTRY_LONG,66866.0000,5.62,0,PENDING
2026-02-11T06:45:00.000Z,EXIT_LONG,66696.0000,5.34,-7.16%,LOSS
2026-02-11T06:55:00.000Z,ENTRY_SHORT,66772.0000,5.34,0,PENDING
2026-02-11T07:05:00.000Z,EXIT_SHORT,66724.0000,5.09,-6.67%,LOSS
2026-02-11T07:10:00.000Z,ENTRY_LONG,66692.0000,5.09,0,PENDING
2026-02-11T07:30:00.000Z,EXIT_LONG,67045.0000,5.60,14.29%,WIN
2026-02-11T09:15:00.000Z,ENTRY_SHORT,66790.0000,5.60,0,PENDING
2026-02-11T09:25:00.000Z,EXIT_SHORT,66947.0000,5.37,-4.57%,LOSS
2026-02-11T09:40:00.000Z,ENTRY_LONG,66819.0000,5.37,0,PENDING
2026-02-11T10:00:00.000Z,EXIT_LONG,66676.0000,5.16,-5.71%,LOSS
2026-02-11T10:00:00.000Z,ENTRY_SHORT,66676.0000,5.16,0,PENDING
2026-02-11T10:25:00.000Z,EXIT_SHORT,66839.0000,4.95,-5.71%,LOSS
2026-02-11T10:25:00.000Z,ENTRY_LONG,66839.0000,4.95,0,PENDING
2026-02-11T10:30:00.000Z,EXIT_LONG,66625.0000,4.75,-5.71%,LOSS
2026-02-11T10:30:00.000Z,ENTRY_SHORT,66625.0000,4.75,0,PENDING
2026-02-11T11:15:00.000Z,EXIT_SHORT,66815.0000,4.56,-5.71%,LOSS
2026-02-11T11:20:00.000Z,ENTRY_LONG,66998.0000,4.56,0,PENDING
2026-02-11T11:30:00.000Z,EXIT_LONG,66939.0000,4.38,-5.71%,LOSS
2026-02-11T11:45:00.000Z,ENTRY_LONG,66965.0000,4.38,0,PENDING
2026-02-11T12:20:00.000Z,EXIT_LONG,67371.0000,4.82,14.29%,WIN
2026-02-11T12:25:00.000Z,ENTRY_LONG,67190.0000,4.82,0,PENDING
2026-02-11T12:40:00.000Z,EXIT_LONG,67046.0000,4.63,-4.57%,LOSS
2026-02-11T12:40:00.000Z,ENTRY_LONG,67046.0000,4.63,0,PENDING
2026-02-11T13:10:00.000Z,EXIT_LONG,66893.0000,4.44,-5.71%,LOSS
2026-02-11T13:10:00.000Z,ENTRY_LONG,66893.0000,4.44,0,PENDING
2026-02-11T13:30:00.000Z,EXIT_LONG,67467.0000,4.89,14.29%,WIN
2026-02-11T13:30:00.000Z,ENTRY_LONG,67467.0000,4.89,0,PENDING
2026-02-11T13:35:00.000Z,EXIT_LONG,67430.0000,4.66,-5.35%,LOSS
2026-02-11T13:40:00.000Z,ENTRY_LONG,67198.0000,4.66,0,PENDING
2026-02-11T13:50:00.000Z,EXIT_LONG,67055.0000,4.42,-7.22%,LOSS
2026-02-11T13:50:00.000Z,ENTRY_LONG,67055.0000,4.42,0,PENDING
2026-02-11T13:55:00.000Z,EXIT_LONG,67429.0000,4.86,14.29%,WIN
2026-02-11T13:55:00.000Z,ENTRY_LONG,67429.0000,4.86,0,PENDING
2026-02-11T14:00:00.000Z,EXIT_LONG,67837.0000,5.38,12.23%,WIN
2026-02-11T14:10:00.000Z,ENTRY_SHORT,68400.0000,5.38,0,PENDING
2026-02-11T14:20:00.000Z,EXIT_SHORT,67942.0000,6.09,12.40%,WIN
2026-02-11T14:30:00.000Z,ENTRY_LONG,67660.0000,6.09,0,PENDING
2026-02-11T14:35:00.000Z,EXIT_LONG,67216.0000,5.63,-6.12%,LOSS
2026-02-11T14:35:00.000Z,ENTRY_SHORT,67216.0000,5.63,0,PENDING
2026-02-11T14:50:00.000Z,EXIT_SHORT,66919.0000,6.46,21.10%,WIN
2026-02-11T14:50:00.000Z,ENTRY_SHORT,66919.0000,6.46,0,PENDING
2026-02-11T15:00:00.000Z,EXIT_SHORT,66393.0000,7.49,18.20%,WIN
2026-02-11T15:05:00.000Z,ENTRY_LONG,65912.0000,7.49,0,PENDING
2026-02-11T15:40:00.000Z,EXIT_LONG,66753.0000,8.87,17.62%,WIN
2026-02-11T15:50:00.000Z,ENTRY_SHORT,66490.0000,8.87,0,PENDING
2026-02-11T16:10:00.000Z,EXIT_SHORT,67115.0000,7.97,-8.31%,LOSS
2026-02-11T16:20:00.000Z,ENTRY_LONG,66870.0000,7.97,0,PENDING
2026-02-11T16:25:00.000Z,EXIT_LONG,66569.0000,7.23,-13.21%,LOSS
2026-02-11T16:25:00.000Z,ENTRY_SHORT,66569.0000,7.23,0,PENDING
2026-02-11T16:45:00.000Z,EXIT_SHORT,66000.0000,8.50,25.07%,WIN
2026-02-11T16:50:00.000Z,ENTRY_SHORT,66132.0000,8.50,0,PENDING
2026-02-11T17:15:00.000Z,EXIT_SHORT,66347.0000,7.75,-10.16%,LOSS
2026-02-11T17:15:00.000Z,ENTRY_LONG,66347.0000,7.75,0,PENDING
2026-02-11T17:35:00.000Z,EXIT_LONG,66710.0000,8.87,20.63%,WIN
2026-02-11T17:35:00.000Z,ENTRY_LONG,66710.0000,8.87,0,PENDING
2026-02-11T17:45:00.000Z,EXIT_LONG,66607.0000,8.24,-8.12%,LOSS
2026-02-11T17:45:00.000Z,ENTRY_LONG,66607.0000,8.24,0,PENDING
2026-02-11T18:00:00.000Z,EXIT_LONG,66330.0000,7.67,-9.85%,LOSS
2026-02-11T18:00:00.000Z,ENTRY_LONG,66330.0000,7.67,0,PENDING
2026-02-11T18:15:00.000Z,EXIT_LONG,66734.0000,8.59,17.19%,WIN
2026-02-11T18:15:00.000Z,ENTRY_LONG,66734.0000,8.59,0,PENDING
2026-02-11T18:40:00.000Z,EXIT_LONG,66982.0000,9.63,13.78%,WIN
2026-02-11T19:10:00.000Z,ENTRY_SHORT,67605.0000,9.63,0,PENDING
2026-02-11T19:40:00.000Z,EXIT_SHORT,67749.0000,9.04,-5.81%,LOSS
2026-02-11T20:00:00.000Z,ENTRY_SHORT,67590.0000,9.04,0,PENDING
2026-02-11T20:25:00.000Z,EXIT_SHORT,67172.0000,9.95,14.33%,WIN
2026-02-11T21:20:00.000Z,ENTRY_LONG,67906.0000,9.95,0,PENDING
2026-02-11T21:35:00.000Z,EXIT_LONG,68114.0000,10.94,11.43%,WIN
2026-02-11T21:45:00.000Z,ENTRY_LONG,67878.0000,10.94,0,PENDING
2026-02-11T22:00:00.000Z,EXIT_LONG,67740.0000,10.38,-4.87%,LOSS
2026-02-11T22:25:00.000Z,ENTRY_SHORT,67517.0000,10.38,0,PENDING
2026-02-11T22:45:00.000Z,EXIT_SHORT,67626.0000,9.93,-6.17%,LOSS
2026-02-11T22:45:00.000Z,ENTRY_SHORT,67626.0000,9.93,0,PENDING
2026-02-11T23:00:00.000Z,EXIT_SHORT,67375.0000,10.93,14.29%,WIN
2026-02-11T23:05:00.000Z,ENTRY_LONG,67335.0000,10.93,0,PENDING
2026-02-11T23:20:00.000Z,EXIT_LONG,66905.0000,10.47,-4.79%,LOSS
2026-02-11T23:20:00.000Z,ENTRY_LONG,66905.0000,10.47,0,PENDING
2026-02-11T23:35:00.000Z,EXIT_LONG,67031.0000,10.00,-6.48%,LOSS
2026-02-11T23:55:00.000Z,ENTRY_SHORT,67059.0000,10.00,0,PENDING
2026-02-12T00:05:00.000Z,EXIT_SHORT,67309.0000,9.55,-6.31%,LOSS
2026-02-12T00:05:00.000Z,ENTRY_LONG,67309.0000,9.55,0,PENDING
2026-02-12T00:35:00.000Z,EXIT_LONG,67466.0000,10.51,14.29%,WIN
2026-02-12T00:35:00.000Z,ENTRY_LONG,67466.0000,10.51,0,PENDING
2026-02-12T01:25:00.000Z,EXIT_LONG,67754.0000,11.56,11.43%,WIN
2026-02-12T01:45:00.000Z,ENTRY_LONG,67636.0000,11.56,0,PENDING
2026-02-12T02:10:00.000Z,EXIT_LONG,67439.0000,11.10,-3.81%,LOSS
2026-02-12T02:20:00.000Z,ENTRY_SHORT,67509.0000,11.10,0,PENDING
2026-02-12T02:30:00.000Z,EXIT_SHORT,67686.0000,10.65,-5.71%,LOSS
2026-02-12T02:30:00.000Z,ENTRY_LONG,67686.0000,10.65,0,PENDING
2026-02-12T02:50:00.000Z,EXIT_LONG,67554.0000,10.23,-5.71%,LOSS
2026-02-12T03:00:00.000Z,ENTRY_SHORT,67491.0000,10.23,0,PENDING
2026-02-12T04:10:00.000Z,EXIT_SHORT,67544.0000,9.82,-5.71%,LOSS
2026-02-12T04:10:00.000Z,ENTRY_LONG,67544.0000,9.82,0,PENDING
2026-02-12T04:15:00.000Z,EXIT_LONG,67334.0000,9.43,-5.71%,LOSS
2026-02-12T04:15:00.000Z,ENTRY_SHORT,67334.0000,9.43,0,PENDING
2026-02-12T04:55:00.000Z,EXIT_SHORT,66978.0000,10.37,14.29%,WIN
2026-02-12T04:55:00.000Z,ENTRY_LONG,66978.0000,10.37,0,PENDING
2026-02-12T05:10:00.000Z,EXIT_LONG,66765.0000,9.95,-4.57%,LOSS
2026-02-12T05:10:00.000Z,ENTRY_LONG,66765.0000,9.95,0,PENDING
2026-02-12T05:15:00.000Z,EXIT_LONG,66662.0000,9.56,-5.71%,LOSS
2026-02-12T05:30:00.000Z,ENTRY_SHORT,67040.0000,9.56,0,PENDING
2026-02-12T06:10:00.000Z,EXIT_SHORT,67071.0000,9.17,-5.75%,LOSS
2026-02-12T06:25:00.000Z,ENTRY_LONG,67253.0000,9.17,0,PENDING
2026-02-12T06:35:00.000Z,EXIT_LONG,67208.0000,8.80,-5.71%,LOSS
2026-02-12T06:35:00.000Z,ENTRY_LONG,67208.0000,8.80,0,PENDING
2026-02-12T06:55:00.000Z,EXIT_LONG,67080.0000,8.45,-5.71%,LOSS
2026-02-12T06:55:00.000Z,ENTRY_LONG,67080.0000,8.45,0,PENDING
2026-02-12T07:05:00.000Z,EXIT_LONG,66966.0000,8.11,-5.71%,LOSS
2026-02-12T07:05:00.000Z,ENTRY_SHORT,66966.0000,8.11,0,PENDING
2026-02-12T07:20:00.000Z,EXIT_SHORT,67176.0000,7.79,-5.71%,LOSS
2026-02-12T07:20:00.000Z,ENTRY_LONG,67176.0000,7.79,0,PENDING
2026-02-12T08:15:00.000Z,EXIT_LONG,67038.0000,7.48,-5.71%,LOSS
2026-02-12T08:15:00.000Z,ENTRY_LONG,67038.0000,7.48,0,PENDING
2026-02-12T08:25:00.000Z,EXIT_LONG,66891.0000,7.18,-5.71%,LOSS
2026-02-12T08:25:00.000Z,ENTRY_SHORT,66891.0000,7.18,0,PENDING
2026-02-12T08:40:00.000Z,EXIT_SHORT,66930.0000,6.89,-5.71%,LOSS
2026-02-12T08:40:00.000Z,ENTRY_SHORT,66930.0000,6.89,0,PENDING
2026-02-12T08:50:00.000Z,EXIT_SHORT,67072.0000,6.62,-5.71%,LOSS
2026-02-12T08:50:00.000Z,ENTRY_SHORT,67072.0000,6.62,0,PENDING
2026-02-12T09:15:00.000Z,EXIT_SHORT,67178.0000,6.35,-5.71%,LOSS
2026-02-12T09:15:00.000Z,ENTRY_LONG,67178.0000,6.35,0,PENDING
2026-02-12T09:50:00.000Z,EXIT_LONG,67472.0000,6.99,14.29%,WIN
2026-02-12T10:20:00.000Z,ENTRY_LONG,67387.0000,6.99,0,PENDING
2026-02-12T10:30:00.000Z,EXIT_LONG,67693.0000,7.68,11.43%,WIN
2026-02-12T10:30:00.000Z,ENTRY_SHORT,67693.0000,7.68,0,PENDING
2026-02-12T10:45:00.000Z,EXIT_SHORT,67810.0000,7.38,-3.81%,LOSS
2026-02-12T10:45:00.000Z,ENTRY_SHORT,67810.0000,7.38,0,PENDING
2026-02-12T10:55:00.000Z,EXIT_SHORT,67989.0000,7.08,-5.71%,LOSS
2026-02-12T10:55:00.000Z,ENTRY_SHORT,67989.0000,7.08,0,PENDING
2026-02-12T11:25:00.000Z,EXIT_SHORT,68183.0000,6.80,-5.71%,LOSS
2026-02-12T11:30:00.000Z,ENTRY_SHORT,68146.0000,6.80,0,PENDING
2026-02-12T12:45:00.000Z,EXIT_SHORT,67887.0000,7.48,14.29%,WIN
2026-02-12T12:50:00.000Z,ENTRY_SHORT,67760.0000,7.48,0,PENDING
2026-02-12T13:15:00.000Z,EXIT_SHORT,67959.0000,7.18,-4.57%,LOSS
2026-02-12T13:15:00.000Z,ENTRY_SHORT,67959.0000,7.18,0,PENDING
2026-02-12T13:40:00.000Z,EXIT_SHORT,68090.0000,6.89,-5.71%,LOSS
2026-02-12T13:40:00.000Z,ENTRY_LONG,68090.0000,6.89,0,PENDING
2026-02-12T13:45:00.000Z,EXIT_LONG,67979.0000,6.62,-5.71%,LOSS
2026-02-12T13:45:00.000Z,ENTRY_LONG,67979.0000,6.62,0,PENDING
2026-02-12T13:55:00.000Z,EXIT_LONG,68351.0000,7.28,14.29%,WIN
2026-02-12T14:00:00.000Z,ENTRY_LONG,67989.0000,7.28,0,PENDING
2026-02-12T14:05:00.000Z,EXIT_LONG,67954.0000,6.95,-5.12%,LOSS
2026-02-12T14:05:00.000Z,ENTRY_LONG,67954.0000,6.95,0,PENDING
2026-02-12T14:35:00.000Z,EXIT_LONG,67827.0000,6.64,-6.38%,LOSS
2026-02-12T14:40:00.000Z,ENTRY_SHORT,67584.0000,6.64,0,PENDING
2026-02-12T14:45:00.000Z,EXIT_SHORT,67610.0000,6.28,-7.77%,LOSS
2026-02-12T14:45:00.000Z,ENTRY_SHORT,67610.0000,6.28,0,PENDING
2026-02-12T14:50:00.000Z,EXIT_SHORT,67960.0000,5.93,-7.97%,LOSS
2026-02-12T14:50:00.000Z,ENTRY_SHORT,67960.0000,5.93,0,PENDING
2026-02-12T14:55:00.000Z,EXIT_SHORT,67558.0000,6.57,15.48%,WIN
2026-02-12T14:55:00.000Z,ENTRY_SHORT,67558.0000,6.57,0,PENDING
2026-02-12T15:00:00.000Z,EXIT_SHORT,67261.0000,6.17,-6.95%,LOSS
2026-02-12T15:10:00.000Z,ENTRY_SHORT,67383.0000,6.17,0,PENDING
2026-02-12T15:15:00.000Z,EXIT_SHORT,67444.0000,5.74,-9.96%,LOSS
2026-02-12T15:15:00.000Z,ENTRY_SHORT,67444.0000,5.74,0,PENDING
2026-02-12T15:20:00.000Z,EXIT_SHORT,67796.0000,5.34,-10.02%,LOSS
2026-02-12T15:25:00.000Z,ENTRY_SHORT,67822.0000,5.34,0,PENDING
2026-02-12T15:35:00.000Z,EXIT_SHORT,67320.0000,6.06,19.19%,WIN
2026-02-12T15:35:00.000Z,ENTRY_SHORT,67320.0000,6.06,0,PENDING
2026-02-12T16:05:00.000Z,EXIT_SHORT,66677.0000,6.92,16.27%,WIN
2026-02-12T16:05:00.000Z,ENTRY_LONG,66677.0000,6.92,0,PENDING
2026-02-12T16:20:00.000Z,EXIT_LONG,66262.0000,6.39,-7.30%,LOSS
2026-02-12T16:20:00.000Z,ENTRY_LONG,66262.0000,6.39,0,PENDING
2026-02-12T16:25:00.000Z,EXIT_LONG,66038.0000,5.88,-11.35%,LOSS
2026-02-12T16:30:00.000Z,ENTRY_LONG,66161.0000,5.88,0,PENDING
2026-02-12T16:50:00.000Z,EXIT_LONG,65603.0000,5.41,-11.36%,LOSS
2026-02-12T16:50:00.000Z,ENTRY_LONG,65603.0000,5.41,0,PENDING
2026-02-12T17:25:00.000Z,EXIT_LONG,66108.0000,6.29,23.16%,WIN
2026-02-12T17:35:00.000Z,ENTRY_LONG,65945.0000,6.29,0,PENDING
2026-02-12T17:50:00.000Z,EXIT_LONG,65576.0000,5.77,-9.48%,LOSS
2026-02-12T17:50:00.000Z,ENTRY_LONG,65576.0000,5.77,0,PENDING
2026-02-12T18:15:00.000Z,EXIT_LONG,65229.0000,5.31,-11.35%,LOSS
2026-02-12T18:15:00.000Z,ENTRY_LONG,65229.0000,5.31,0,PENDING

BALANCE HISTORY
Timestamp,Balance
2026-02-10T01:40:00.000Z,8.00
2026-02-10T01:45:00.000Z,8.00
2026-02-10T01:50:00.000Z,8.00
2026-02-10T01:55:00.000Z,8.00
2026-02-10T02:00:00.000Z,8.00
2026-02-10T02:05:00.000Z,8.00
2026-02-10T02:10:00.000Z,8.00
2026-02-10T02:15:00.000Z,7.68
2026-02-10T02:20:00.000Z,7.68
2026-02-10T02:25:00.000Z,7.68
2026-02-10T02:30:00.000Z,7.68
2026-02-10T02:35:00.000Z,7.37
2026-02-10T02:40:00.000Z,7.37
2026-02-10T02:45:00.000Z,7.37
2026-02-10T02:50:00.000Z,7.37
2026-02-10T02:55:00.000Z,7.37
2026-02-10T03:00:00.000Z,7.37
2026-02-10T03:05:00.000Z,7.08
2026-02-10T03:10:00.000Z,7.08
2026-02-10T03:15:00.000Z,6.79
2026-02-10T03:20:00.000Z,6.79
2026-02-10T03:25:00.000Z,6.79
2026-02-10T03:30:00.000Z,6.52
2026-02-10T03:35:00.000Z,6.52
2026-02-10T03:40:00.000Z,6.52
2026-02-10T03:45:00.000Z,6.52
2026-02-10T03:50:00.000Z,6.52
2026-02-10T03:55:00.000Z,6.52
2026-02-10T04:00:00.000Z,6.52
2026-02-10T04:05:00.000Z,6.52
2026-02-10T04:10:00.000Z,7.18
2026-02-10T04:15:00.000Z,7.18
2026-02-10T04:20:00.000Z,7.18
2026-02-10T04:25:00.000Z,7.18
2026-02-10T04:30:00.000Z,7.18
2026-02-10T04:35:00.000Z,7.18
2026-02-10T04:40:00.000Z,7.18
2026-02-10T04:45:00.000Z,7.18
2026-02-10T04:50:00.000Z,7.18
2026-02-10T04:55:00.000Z,7.18
2026-02-10T05:00:00.000Z,7.18
2026-02-10T05:05:00.000Z,6.89
2026-02-10T05:10:00.000Z,6.89
2026-02-10T05:15:00.000Z,6.61
2026-02-10T05:20:00.000Z,6.61
2026-02-10T05:25:00.000Z,6.61
2026-02-10T05:30:00.000Z,6.61
2026-02-10T05:35:00.000Z,6.61
2026-02-10T05:40:00.000Z,7.27
2026-02-10T05:45:00.000Z,7.27
2026-02-10T05:50:00.000Z,7.27
2026-02-10T05:55:00.000Z,7.27
2026-02-10T06:00:00.000Z,7.27
2026-02-10T06:05:00.000Z,7.27
2026-02-10T06:10:00.000Z,7.27
2026-02-10T06:15:00.000Z,6.98
2026-02-10T06:20:00.000Z,6.98
2026-02-10T06:25:00.000Z,6.98
2026-02-10T06:30:00.000Z,6.98
2026-02-10T06:35:00.000Z,6.98
2026-02-10T06:40:00.000Z,6.70
2026-02-10T06:45:00.000Z,6.44
2026-02-10T06:50:00.000Z,6.44
2026-02-10T06:55:00.000Z,6.44
2026-02-10T07:00:00.000Z,6.44
2026-02-10T07:05:00.000Z,6.44
2026-02-10T07:10:00.000Z,7.08
2026-02-10T07:15:00.000Z,7.08
2026-02-10T07:20:00.000Z,7.08
2026-02-10T07:25:00.000Z,7.08
2026-02-10T07:30:00.000Z,7.08
2026-02-10T07:35:00.000Z,7.08
2026-02-10T07:40:00.000Z,7.08
2026-02-10T07:45:00.000Z,7.08
2026-02-10T07:50:00.000Z,7.08
2026-02-10T07:55:00.000Z,7.08
2026-02-10T08:00:00.000Z,7.08
2026-02-10T08:05:00.000Z,7.08
2026-02-10T08:10:00.000Z,7.08
2026-02-10T08:15:00.000Z,6.80
2026-02-10T08:20:00.000Z,6.80
2026-02-10T08:25:00.000Z,6.80
2026-02-10T08:30:00.000Z,7.48
2026-02-10T08:35:00.000Z,7.48
2026-02-10T08:40:00.000Z,7.48
2026-02-10T08:45:00.000Z,7.48
2026-02-10T08:50:00.000Z,7.48
2026-02-10T08:55:00.000Z,7.48
2026-02-10T09:00:00.000Z,7.18
2026-02-10T09:05:00.000Z,7.18
2026-02-10T09:10:00.000Z,7.18
2026-02-10T09:15:00.000Z,7.18
2026-02-10T09:20:00.000Z,7.18
2026-02-10T09:25:00.000Z,7.18
2026-02-10T09:30:00.000Z,7.18
2026-02-10T09:35:00.000Z,6.89
2026-02-10T09:40:00.000Z,6.89
2026-02-10T09:45:00.000Z,6.61
2026-02-10T09:50:00.000Z,6.61
2026-02-10T09:55:00.000Z,6.61
2026-02-10T10:00:00.000Z,6.35
2026-02-10T10:05:00.000Z,6.35
2026-02-10T10:10:00.000Z,6.35
2026-02-10T10:15:00.000Z,6.35
2026-02-10T10:20:00.000Z,6.35
2026-02-10T10:25:00.000Z,6.10
2026-02-10T10:30:00.000Z,6.10
2026-02-10T10:35:00.000Z,6.10
2026-02-10T10:40:00.000Z,6.10
2026-02-10T10:45:00.000Z,6.10
2026-02-10T10:50:00.000Z,6.10
2026-02-10T10:55:00.000Z,6.10
2026-02-10T11:00:00.000Z,6.70
2026-02-10T11:05:00.000Z,6.70
2026-02-10T11:10:00.000Z,6.70
2026-02-10T11:15:00.000Z,6.70
2026-02-10T11:20:00.000Z,6.70
2026-02-10T11:25:00.000Z,6.70
2026-02-10T11:30:00.000Z,6.70
2026-02-10T11:35:00.000Z,6.70
2026-02-10T11:40:00.000Z,7.38
2026-02-10T11:45:00.000Z,7.38
2026-02-10T11:50:00.000Z,7.38
2026-02-10T11:55:00.000Z,7.38
2026-02-10T12:00:00.000Z,7.38
2026-02-10T12:05:00.000Z,7.08
2026-02-10T12:10:00.000Z,7.08
2026-02-10T12:15:00.000Z,7.08
2026-02-10T12:20:00.000Z,7.08
2026-02-10T12:25:00.000Z,7.08
2026-02-10T12:30:00.000Z,6.80
2026-02-10T12:35:00.000Z,6.80
2026-02-10T12:40:00.000Z,6.80
2026-02-10T12:45:00.000Z,6.80
2026-02-10T12:50:00.000Z,6.80
2026-02-10T12:55:00.000Z,6.80
2026-02-10T13:00:00.000Z,6.80
2026-02-10T13:05:00.000Z,6.80
2026-02-10T13:10:00.000Z,6.80
2026-02-10T13:15:00.000Z,6.53
2026-02-10T13:20:00.000Z,6.26
2026-02-10T13:25:00.000Z,6.26
2026-02-10T13:30:00.000Z,6.26
2026-02-10T13:35:00.000Z,6.26
2026-02-10T13:40:00.000Z,6.26
2026-02-10T13:45:00.000Z,6.26
2026-02-10T13:50:00.000Z,6.01
2026-02-10T13:55:00.000Z,6.01
2026-02-10T14:00:00.000Z,6.01
2026-02-10T14:05:00.000Z,6.01
2026-02-10T14:10:00.000Z,6.01
2026-02-10T14:15:00.000Z,6.62
2026-02-10T14:20:00.000Z,6.62
2026-02-10T14:25:00.000Z,6.62
2026-02-10T14:30:00.000Z,7.28
2026-02-10T14:35:00.000Z,6.95
2026-02-10T14:40:00.000Z,6.95
2026-02-10T14:45:00.000Z,6.95
2026-02-10T14:50:00.000Z,6.95
2026-02-10T14:55:00.000Z,6.51
2026-02-10T15:00:00.000Z,6.51
2026-02-10T15:05:00.000Z,6.07
2026-02-10T15:10:00.000Z,6.07
2026-02-10T15:15:00.000Z,6.07
2026-02-10T15:20:00.000Z,6.07
2026-02-10T15:25:00.000Z,5.62
2026-02-10T15:30:00.000Z,5.62
2026-02-10T15:35:00.000Z,5.62
2026-02-10T15:40:00.000Z,5.62
2026-02-10T15:45:00.000Z,5.62
2026-02-10T15:50:00.000Z,5.62
2026-02-10T15:55:00.000Z,5.62
2026-02-10T16:00:00.000Z,5.62
2026-02-10T16:05:00.000Z,5.62
2026-02-10T16:10:00.000Z,5.29
2026-02-10T16:15:00.000Z,5.29
2026-02-10T16:20:00.000Z,5.29
2026-02-10T16:25:00.000Z,5.29
2026-02-10T16:30:00.000Z,5.29
2026-02-10T16:35:00.000Z,5.29
2026-02-10T16:40:00.000Z,5.29
2026-02-10T16:45:00.000Z,5.29
2026-02-10T16:50:00.000Z,5.29
2026-02-10T16:55:00.000Z,5.29
2026-02-10T17:00:00.000Z,5.29
2026-02-10T17:05:00.000Z,5.29
2026-02-10T17:10:00.000Z,5.29
2026-02-10T17:15:00.000Z,5.29
2026-02-10T17:20:00.000Z,5.29
2026-02-10T17:25:00.000Z,5.29
2026-02-10T17:30:00.000Z,5.29
2026-02-10T17:35:00.000Z,5.29
2026-02-10T17:40:00.000Z,6.06
2026-02-10T17:45:00.000Z,6.06
2026-02-10T17:50:00.000Z,6.06
2026-02-10T17:55:00.000Z,6.06
2026-02-10T18:00:00.000Z,6.06
2026-02-10T18:05:00.000Z,6.06
2026-02-10T18:10:00.000Z,6.06
2026-02-10T18:15:00.000Z,5.73
2026-02-10T18:20:00.000Z,5.73
2026-02-10T18:25:00.000Z,5.44
2026-02-10T18:30:00.000Z,5.13
2026-02-10T18:35:00.000Z,5.13
2026-02-10T18:40:00.000Z,5.13
2026-02-10T18:45:00.000Z,5.67
2026-02-10T18:50:00.000Z,5.67
2026-02-10T18:55:00.000Z,5.67
2026-02-10T19:00:00.000Z,5.67
2026-02-10T19:05:00.000Z,5.67
2026-02-10T19:10:00.000Z,5.67
2026-02-10T19:15:00.000Z,5.67
2026-02-10T19:20:00.000Z,5.67
2026-02-10T19:25:00.000Z,5.67
2026-02-10T19:30:00.000Z,5.67
2026-02-10T19:35:00.000Z,6.30
2026-02-10T19:40:00.000Z,6.30
2026-02-10T19:45:00.000Z,6.30
2026-02-10T19:50:00.000Z,6.30
2026-02-10T19:55:00.000Z,5.97
2026-02-10T20:00:00.000Z,5.97
2026-02-10T20:05:00.000Z,5.97
2026-02-10T20:10:00.000Z,5.97
2026-02-10T20:15:00.000Z,5.97
2026-02-10T20:20:00.000Z,5.97
2026-02-10T20:25:00.000Z,5.97
2026-02-10T20:30:00.000Z,5.72
2026-02-10T20:35:00.000Z,5.72
2026-02-10T20:40:00.000Z,5.72
2026-02-10T20:45:00.000Z,5.72
2026-02-10T20:50:00.000Z,5.72
2026-02-10T20:55:00.000Z,5.72
2026-02-10T21:00:00.000Z,5.72
2026-02-10T21:05:00.000Z,5.46
2026-02-10T21:10:00.000Z,5.46
2026-02-10T21:15:00.000Z,5.46
2026-02-10T21:20:00.000Z,5.46
2026-02-10T21:25:00.000Z,5.46
2026-02-10T21:30:00.000Z,5.24
2026-02-10T21:35:00.000Z,5.24
2026-02-10T21:40:00.000Z,5.24
2026-02-10T21:45:00.000Z,5.24
2026-02-10T21:50:00.000Z,5.03
2026-02-10T21:55:00.000Z,5.03
2026-02-10T22:00:00.000Z,5.03
2026-02-10T22:05:00.000Z,5.03
2026-02-10T22:10:00.000Z,5.03
2026-02-10T22:15:00.000Z,5.03
2026-02-10T22:20:00.000Z,5.03
2026-02-10T22:25:00.000Z,5.03
2026-02-10T22:30:00.000Z,5.03
2026-02-10T22:35:00.000Z,4.83
2026-02-10T22:40:00.000Z,4.83
2026-02-10T22:45:00.000Z,4.83
2026-02-10T22:50:00.000Z,4.83
2026-02-10T22:55:00.000Z,4.83
2026-02-10T23:00:00.000Z,4.83
2026-02-10T23:05:00.000Z,4.83
2026-02-10T23:10:00.000Z,4.83
2026-02-10T23:15:00.000Z,4.83
2026-02-10T23:20:00.000Z,4.83
2026-02-10T23:25:00.000Z,4.83
2026-02-10T23:30:00.000Z,4.83
2026-02-10T23:35:00.000Z,4.83
2026-02-10T23:40:00.000Z,4.83
2026-02-10T23:45:00.000Z,4.83
2026-02-10T23:50:00.000Z,4.83
2026-02-10T23:55:00.000Z,4.83
2026-02-11T00:00:00.000Z,4.83
2026-02-11T00:05:00.000Z,5.31
2026-02-11T00:10:00.000Z,5.31
2026-02-11T00:15:00.000Z,5.31
2026-02-11T00:20:00.000Z,5.31
2026-02-11T00:25:00.000Z,5.84
2026-02-11T00:30:00.000Z,5.84
2026-02-11T00:35:00.000Z,5.84
2026-02-11T00:40:00.000Z,5.84
2026-02-11T00:45:00.000Z,5.84
2026-02-11T00:50:00.000Z,5.84
2026-02-11T00:55:00.000Z,5.84
2026-02-11T01:00:00.000Z,5.84
2026-02-11T01:05:00.000Z,5.84
2026-02-11T01:10:00.000Z,5.84
2026-02-11T01:15:00.000Z,5.84
2026-02-11T01:20:00.000Z,5.84
2026-02-11T01:25:00.000Z,5.84
2026-02-11T01:30:00.000Z,5.84
2026-02-11T01:35:00.000Z,5.84
2026-02-11T01:40:00.000Z,5.84
2026-02-11T01:45:00.000Z,5.84
2026-02-11T01:50:00.000Z,5.84
2026-02-11T01:55:00.000Z,5.84
2026-02-11T02:00:00.000Z,5.61
2026-02-11T02:05:00.000Z,5.61
2026-02-11T02:10:00.000Z,5.61
2026-02-11T02:15:00.000Z,5.61
2026-02-11T02:20:00.000Z,5.61
2026-02-11T02:25:00.000Z,5.61
2026-02-11T02:30:00.000Z,5.61
2026-02-11T02:35:00.000Z,5.61
2026-02-11T02:40:00.000Z,5.61
2026-02-11T02:45:00.000Z,5.61
2026-02-11T02:50:00.000Z,5.61
2026-02-11T02:55:00.000Z,5.61
2026-02-11T03:00:00.000Z,5.61
2026-02-11T03:05:00.000Z,5.61
2026-02-11T03:10:00.000Z,6.17
2026-02-11T03:15:00.000Z,6.17
2026-02-11T03:20:00.000Z,6.17
2026-02-11T03:25:00.000Z,6.17
2026-02-11T03:30:00.000Z,6.17
2026-02-11T03:35:00.000Z,6.78
2026-02-11T03:40:00.000Z,6.78
2026-02-11T03:45:00.000Z,6.78
2026-02-11T03:50:00.000Z,6.78
2026-02-11T03:55:00.000Z,6.78
2026-02-11T04:00:00.000Z,6.78
2026-02-11T04:05:00.000Z,6.78
2026-02-11T04:10:00.000Z,6.78
2026-02-11T04:15:00.000Z,6.78
2026-02-11T04:20:00.000Z,6.78
2026-02-11T04:25:00.000Z,6.48
2026-02-11T04:30:00.000Z,6.48
2026-02-11T04:35:00.000Z,6.48
2026-02-11T04:40:00.000Z,6.18
2026-02-11T04:45:00.000Z,6.18
2026-02-11T04:50:00.000Z,6.18
2026-02-11T04:55:00.000Z,6.18
2026-02-11T05:00:00.000Z,6.18
2026-02-11T05:05:00.000Z,6.18
2026-02-11T05:10:00.000Z,6.18
2026-02-11T05:15:00.000Z,6.18
2026-02-11T05:20:00.000Z,6.18
2026-02-11T05:25:00.000Z,6.18
2026-02-11T05:30:00.000Z,6.18
2026-02-11T05:35:00.000Z,6.18
2026-02-11T05:40:00.000Z,6.18
2026-02-11T05:45:00.000Z,6.18
2026-02-11T05:50:00.000Z,6.18
2026-02-11T05:55:00.000Z,6.18
2026-02-11T06:00:00.000Z,6.18
2026-02-11T06:05:00.000Z,5.88
2026-02-11T06:10:00.000Z,5.62
2026-02-11T06:15:00.000Z,5.62
2026-02-11T06:20:00.000Z,5.62
2026-02-11T06:25:00.000Z,5.62
2026-02-11T06:30:00.000Z,5.62
2026-02-11T06:35:00.000Z,5.62
2026-02-11T06:40:00.000Z,5.62
2026-02-11T06:45:00.000Z,5.34
2026-02-11T06:50:00.000Z,5.34
2026-02-11T06:55:00.000Z,5.34
2026-02-11T07:00:00.000Z,5.34
2026-02-11T07:05:00.000Z,5.09
2026-02-11T07:10:00.000Z,5.09
2026-02-11T07:15:00.000Z,5.09
2026-02-11T07:20:00.000Z,5.09
2026-02-11T07:25:00.000Z,5.09
2026-02-11T07:30:00.000Z,5.60
2026-02-11T07:35:00.000Z,5.60
2026-02-11T07:40:00.000Z,5.60
2026-02-11T07:45:00.000Z,5.60
2026-02-11T07:50:00.000Z,5.60
2026-02-11T07:55:00.000Z,5.60
2026-02-11T08:00:00.000Z,5.60
2026-02-11T08:05:00.000Z,5.60
2026-02-11T08:10:00.000Z,5.60
2026-02-11T08:15:00.000Z,5.60
2026-02-11T08:20:00.000Z,5.60
2026-02-11T08:25:00.000Z,5.60
2026-02-11T08:30:00.000Z,5.60
2026-02-11T08:35:00.000Z,5.60
2026-02-11T08:40:00.000Z,5.60
2026-02-11T08:45:00.000Z,5.60
2026-02-11T08:50:00.000Z,5.60
2026-02-11T08:55:00.000Z,5.60
2026-02-11T09:00:00.000Z,5.60
2026-02-11T09:05:00.000Z,5.60
2026-02-11T09:10:00.000Z,5.60
2026-02-11T09:15:00.000Z,5.60
2026-02-11T09:20:00.000Z,5.60
2026-02-11T09:25:00.000Z,5.37
2026-02-11T09:30:00.000Z,5.37
2026-02-11T09:35:00.000Z,5.37
2026-02-11T09:40:00.000Z,5.37
2026-02-11T09:45:00.000Z,5.37
2026-02-11T09:50:00.000Z,5.37
2026-02-11T09:55:00.000Z,5.37
2026-02-11T10:00:00.000Z,5.16
2026-02-11T10:05:00.000Z,5.16
2026-02-11T10:10:00.000Z,5.16
2026-02-11T10:15:00.000Z,5.16
2026-02-11T10:20:00.000Z,5.16
2026-02-11T10:25:00.000Z,4.95
2026-02-11T10:30:00.000Z,4.75
2026-02-11T10:35:00.000Z,4.75
2026-02-11T10:40:00.000Z,4.75
2026-02-11T10:45:00.000Z,4.75
2026-02-11T10:50:00.000Z,4.75
2026-02-11T10:55:00.000Z,4.75
2026-02-11T11:00:00.000Z,4.75
2026-02-11T11:05:00.000Z,4.75
2026-02-11T11:10:00.000Z,4.75
2026-02-11T11:15:00.000Z,4.56
2026-02-11T11:20:00.000Z,4.56
2026-02-11T11:25:00.000Z,4.56
2026-02-11T11:30:00.000Z,4.38
2026-02-11T11:35:00.000Z,4.38
2026-02-11T11:40:00.000Z,4.38
2026-02-11T11:45:00.000Z,4.38
2026-02-11T11:50:00.000Z,4.38
2026-02-11T11:55:00.000Z,4.38
2026-02-11T12:00:00.000Z,4.38
2026-02-11T12:05:00.000Z,4.38
2026-02-11T12:10:00.000Z,4.38
2026-02-11T12:15:00.000Z,4.38
2026-02-11T12:20:00.000Z,4.82
2026-02-11T12:25:00.000Z,4.82
2026-02-11T12:30:00.000Z,4.82
2026-02-11T12:35:00.000Z,4.82
2026-02-11T12:40:00.000Z,4.63
2026-02-11T12:45:00.000Z,4.63
2026-02-11T12:50:00.000Z,4.63
2026-02-11T12:55:00.000Z,4.63
2026-02-11T13:00:00.000Z,4.63
2026-02-11T13:05:00.000Z,4.63
2026-02-11T13:10:00.000Z,4.44
2026-02-11T13:15:00.000Z,4.44
2026-02-11T13:20:00.000Z,4.44
2026-02-11T13:25:00.000Z,4.44
2026-02-11T13:30:00.000Z,4.89
2026-02-11T13:35:00.000Z,4.66
2026-02-11T13:40:00.000Z,4.66
2026-02-11T13:45:00.000Z,4.66
2026-02-11T13:50:00.000Z,4.42
2026-02-11T13:55:00.000Z,4.86
2026-02-11T14:00:00.000Z,5.38
2026-02-11T14:05:00.000Z,5.38
2026-02-11T14:10:00.000Z,5.38
2026-02-11T14:15:00.000Z,5.38
2026-02-11T14:20:00.000Z,6.09
2026-02-11T14:25:00.000Z,6.09
2026-02-11T14:30:00.000Z,6.09
2026-02-11T14:35:00.000Z,5.63
2026-02-11T14:40:00.000Z,5.63
2026-02-11T14:45:00.000Z,5.63
2026-02-11T14:50:00.000Z,6.46
2026-02-11T14:55:00.000Z,6.46
2026-02-11T15:00:00.000Z,7.49
2026-02-11T15:05:00.000Z,7.49
2026-02-11T15:10:00.000Z,7.49
2026-02-11T15:15:00.000Z,7.49
2026-02-11T15:20:00.000Z,7.49
2026-02-11T15:25:00.000Z,7.49
2026-02-11T15:30:00.000Z,7.49
2026-02-11T15:35:00.000Z,7.49
2026-02-11T15:40:00.000Z,8.87
2026-02-11T15:45:00.000Z,8.87
2026-02-11T15:50:00.000Z,8.87
2026-02-11T15:55:00.000Z,8.87
2026-02-11T16:00:00.000Z,8.87
2026-02-11T16:05:00.000Z,8.87
2026-02-11T16:10:00.000Z,7.97
2026-02-11T16:15:00.000Z,7.97
2026-02-11T16:20:00.000Z,7.97
2026-02-11T16:25:00.000Z,7.23
2026-02-11T16:30:00.000Z,7.23
2026-02-11T16:35:00.000Z,7.23
2026-02-11T16:40:00.000Z,7.23
2026-02-11T16:45:00.000Z,8.50
2026-02-11T16:50:00.000Z,8.50
2026-02-11T16:55:00.000Z,8.50
2026-02-11T17:00:00.000Z,8.50
2026-02-11T17:05:00.000Z,8.50
2026-02-11T17:10:00.000Z,8.50
2026-02-11T17:15:00.000Z,7.75
2026-02-11T17:20:00.000Z,7.75
2026-02-11T17:25:00.000Z,7.75
2026-02-11T17:30:00.000Z,7.75
2026-02-11T17:35:00.000Z,8.87
2026-02-11T17:40:00.000Z,8.87
2026-02-11T17:45:00.000Z,8.24
2026-02-11T17:50:00.000Z,8.24
2026-02-11T17:55:00.000Z,8.24
2026-02-11T18:00:00.000Z,7.67
2026-02-11T18:05:00.000Z,7.67
2026-02-11T18:10:00.000Z,7.67
2026-02-11T18:15:00.000Z,8.59
2026-02-11T18:20:00.000Z,8.59
2026-02-11T18:25:00.000Z,8.59
2026-02-11T18:30:00.000Z,8.59
2026-02-11T18:35:00.000Z,8.59
2026-02-11T18:40:00.000Z,9.63
2026-02-11T18:45:00.000Z,9.63
2026-02-11T18:50:00.000Z,9.63
2026-02-11T18:55:00.000Z,9.63
2026-02-11T19:00:00.000Z,9.63
2026-02-11T19:05:00.000Z,9.63
2026-02-11T19:10:00.000Z,9.63
2026-02-11T19:15:00.000Z,9.63
2026-02-11T19:20:00.000Z,9.63
2026-02-11T19:25:00.000Z,9.63
2026-02-11T19:30:00.000Z,9.63
2026-02-11T19:35:00.000Z,9.63
2026-02-11T19:40:00.000Z,9.04
2026-02-11T19:45:00.000Z,9.04
2026-02-11T19:50:00.000Z,9.04
2026-02-11T19:55:00.000Z,9.04
2026-02-11T20:00:00.000Z,9.04
2026-02-11T20:05:00.000Z,9.04
2026-02-11T20:10:00.000Z,9.04
2026-02-11T20:15:00.000Z,9.04
2026-02-11T20:20:00.000Z,9.04
2026-02-11T20:25:00.000Z,9.95
2026-02-11T20:30:00.000Z,9.95
2026-02-11T20:35:00.000Z,9.95
2026-02-11T20:40:00.000Z,9.95
2026-02-11T20:45:00.000Z,9.95
2026-02-11T20:50:00.000Z,9.95
2026-02-11T20:55:00.000Z,9.95
2026-02-11T21:00:00.000Z,9.95
2026-02-11T21:05:00.000Z,9.95
2026-02-11T21:10:00.000Z,9.95
2026-02-11T21:15:00.000Z,9.95
2026-02-11T21:20:00.000Z,9.95
2026-02-11T21:25:00.000Z,9.95
2026-02-11T21:30:00.000Z,9.95
2026-02-11T21:35:00.000Z,10.94
2026-02-11T21:40:00.000Z,10.94
2026-02-11T21:45:00.000Z,10.94
2026-02-11T21:50:00.000Z,10.94
2026-02-11T21:55:00.000Z,10.94
2026-02-11T22:00:00.000Z,10.38
2026-02-11T22:05:00.000Z,10.38
2026-02-11T22:10:00.000Z,10.38
2026-02-11T22:15:00.000Z,10.38
2026-02-11T22:20:00.000Z,10.38
2026-02-11T22:25:00.000Z,10.38
2026-02-11T22:30:00.000Z,10.38
2026-02-11T22:35:00.000Z,10.38
2026-02-11T22:40:00.000Z,10.38
2026-02-11T22:45:00.000Z,9.93
2026-02-11T22:50:00.000Z,9.93
2026-02-11T22:55:00.000Z,9.93
2026-02-11T23:00:00.000Z,10.93
2026-02-11T23:05:00.000Z,10.93
2026-02-11T23:10:00.000Z,10.93
2026-02-11T23:15:00.000Z,10.93
2026-02-11T23:20:00.000Z,10.47
2026-02-11T23:25:00.000Z,10.47
2026-02-11T23:30:00.000Z,10.47
2026-02-11T23:35:00.000Z,10.00
2026-02-11T23:40:00.000Z,10.00
2026-02-11T23:45:00.000Z,10.00
2026-02-11T23:50:00.000Z,10.00
2026-02-11T23:55:00.000Z,10.00
2026-02-12T00:00:00.000Z,10.00
2026-02-12T00:05:00.000Z,9.55
2026-02-12T00:10:00.000Z,9.55
2026-02-12T00:15:00.000Z,9.55
2026-02-12T00:20:00.000Z,9.55
2026-02-12T00:25:00.000Z,9.55
2026-02-12T00:30:00.000Z,9.55
2026-02-12T00:35:00.000Z,10.51
2026-02-12T00:40:00.000Z,10.51
2026-02-12T00:45:00.000Z,10.51
2026-02-12T00:50:00.000Z,10.51
2026-02-12T00:55:00.000Z,10.51
2026-02-12T01:00:00.000Z,10.51
2026-02-12T01:05:00.000Z,10.51
2026-02-12T01:10:00.000Z,10.51
2026-02-12T01:15:00.000Z,10.51
2026-02-12T01:20:00.000Z,10.51
2026-02-12T01:25:00.000Z,11.56
2026-02-12T01:30:00.000Z,11.56
2026-02-12T01:35:00.000Z,11.56
2026-02-12T01:40:00.000Z,11.56
2026-02-12T01:45:00.000Z,11.56
2026-02-12T01:50:00.000Z,11.56
2026-02-12T01:55:00.000Z,11.56
2026-02-12T02:00:00.000Z,11.56
2026-02-12T02:05:00.000Z,11.56
2026-02-12T02:10:00.000Z,11.10
2026-02-12T02:15:00.000Z,11.10
2026-02-12T02:20:00.000Z,11.10
2026-02-12T02:25:00.000Z,11.10
2026-02-12T02:30:00.000Z,10.65
2026-02-12T02:35:00.000Z,10.65
2026-02-12T02:40:00.000Z,10.65
2026-02-12T02:45:00.000Z,10.65
2026-02-12T02:50:00.000Z,10.23
2026-02-12T02:55:00.000Z,10.23
2026-02-12T03:00:00.000Z,10.23
2026-02-12T03:05:00.000Z,10.23
2026-02-12T03:10:00.000Z,10.23
2026-02-12T03:15:00.000Z,10.23
2026-02-12T03:20:00.000Z,10.23
2026-02-12T03:25:00.000Z,10.23
2026-02-12T03:30:00.000Z,10.23
2026-02-12T03:35:00.000Z,10.23
2026-02-12T03:40:00.000Z,10.23
2026-02-12T03:45:00.000Z,10.23
2026-02-12T03:50:00.000Z,10.23
2026-02-12T03:55:00.000Z,10.23
2026-02-12T04:00:00.000Z,10.23
2026-02-12T04:05:00.000Z,10.23
2026-02-12T04:10:00.000Z,9.82
2026-02-12T04:15:00.000Z,9.43
2026-02-12T04:20:00.000Z,9.43
2026-02-12T04:25:00.000Z,9.43
2026-02-12T04:30:00.000Z,9.43
2026-02-12T04:35:00.000Z,9.43
2026-02-12T04:40:00.000Z,9.43
2026-02-12T04:45:00.000Z,9.43
2026-02-12T04:50:00.000Z,9.43
2026-02-12T04:55:00.000Z,10.37
2026-02-12T05:00:00.000Z,10.37
2026-02-12T05:05:00.000Z,10.37
2026-02-12T05:10:00.000Z,9.95
2026-02-12T05:15:00.000Z,9.56
2026-02-12T05:20:00.000Z,9.56
2026-02-12T05:25:00.000Z,9.56
2026-02-12T05:30:00.000Z,9.56
2026-02-12T05:35:00.000Z,9.56
2026-02-12T05:40:00.000Z,9.56
2026-02-12T05:45:00.000Z,9.56
2026-02-12T05:50:00.000Z,9.56
2026-02-12T05:55:00.000Z,9.56
2026-02-12T06:00:00.000Z,9.56
2026-02-12T06:05:00.000Z,9.56
2026-02-12T06:10:00.000Z,9.17
2026-02-12T06:15:00.000Z,9.17
2026-02-12T06:20:00.000Z,9.17
2026-02-12T06:25:00.000Z,9.17
2026-02-12T06:30:00.000Z,9.17
2026-02-12T06:35:00.000Z,8.80
2026-02-12T06:40:00.000Z,8.80
2026-02-12T06:45:00.000Z,8.80
2026-02-12T06:50:00.000Z,8.80
2026-02-12T06:55:00.000Z,8.45
2026-02-12T07:00:00.000Z,8.45
2026-02-12T07:05:00.000Z,8.11
2026-02-12T07:10:00.000Z,8.11
2026-02-12T07:15:00.000Z,8.11
2026-02-12T07:20:00.000Z,7.79
2026-02-12T07:25:00.000Z,7.79
2026-02-12T07:30:00.000Z,7.79
2026-02-12T07:35:00.000Z,7.79
2026-02-12T07:40:00.000Z,7.79
2026-02-12T07:45:00.000Z,7.79
2026-02-12T07:50:00.000Z,7.79
2026-02-12T07:55:00.000Z,7.79
2026-02-12T08:00:00.000Z,7.79
2026-02-12T08:05:00.000Z,7.79
2026-02-12T08:10:00.000Z,7.79
2026-02-12T08:15:00.000Z,7.48
2026-02-12T08:20:00.000Z,7.48
2026-02-12T08:25:00.000Z,7.18
2026-02-12T08:30:00.000Z,7.18
2026-02-12T08:35:00.000Z,7.18
2026-02-12T08:40:00.000Z,6.89
2026-02-12T08:45:00.000Z,6.89
2026-02-12T08:50:00.000Z,6.62
2026-02-12T08:55:00.000Z,6.62
2026-02-12T09:00:00.000Z,6.62
2026-02-12T09:05:00.000Z,6.62
2026-02-12T09:10:00.000Z,6.62
2026-02-12T09:15:00.000Z,6.35
2026-02-12T09:20:00.000Z,6.35
2026-02-12T09:25:00.000Z,6.35
2026-02-12T09:30:00.000Z,6.35
2026-02-12T09:35:00.000Z,6.35
2026-02-12T09:40:00.000Z,6.35
2026-02-12T09:45:00.000Z,6.35
2026-02-12T09:50:00.000Z,6.99
2026-02-12T09:55:00.000Z,6.99
2026-02-12T10:00:00.000Z,6.99
2026-02-12T10:05:00.000Z,6.99
2026-02-12T10:10:00.000Z,6.99
2026-02-12T10:15:00.000Z,6.99
2026-02-12T10:20:00.000Z,6.99
2026-02-12T10:25:00.000Z,6.99
2026-02-12T10:30:00.000Z,7.68
2026-02-12T10:35:00.000Z,7.68
2026-02-12T10:40:00.000Z,7.68
2026-02-12T10:45:00.000Z,7.38
2026-02-12T10:50:00.000Z,7.38
2026-02-12T10:55:00.000Z,7.08
2026-02-12T11:00:00.000Z,7.08
2026-02-12T11:05:00.000Z,7.08
2026-02-12T11:10:00.000Z,7.08
2026-02-12T11:15:00.000Z,7.08
2026-02-12T11:20:00.000Z,7.08
2026-02-12T11:25:00.000Z,6.80
2026-02-12T11:30:00.000Z,6.80
2026-02-12T11:35:00.000Z,6.80
2026-02-12T11:40:00.000Z,6.80
2026-02-12T11:45:00.000Z,6.80
2026-02-12T11:50:00.000Z,6.80
2026-02-12T11:55:00.000Z,6.80
2026-02-12T12:00:00.000Z,6.80
2026-02-12T12:05:00.000Z,6.80
2026-02-12T12:10:00.000Z,6.80
2026-02-12T12:15:00.000Z,6.80
2026-02-12T12:20:00.000Z,6.80
2026-02-12T12:25:00.000Z,6.80
2026-02-12T12:30:00.000Z,6.80
2026-02-12T12:35:00.000Z,6.80
2026-02-12T12:40:00.000Z,6.80
2026-02-12T12:45:00.000Z,7.48
2026-02-12T12:50:00.000Z,7.48
2026-02-12T12:55:00.000Z,7.48
2026-02-12T13:00:00.000Z,7.48
2026-02-12T13:05:00.000Z,7.48
2026-02-12T13:10:00.000Z,7.48
2026-02-12T13:15:00.000Z,7.18
2026-02-12T13:20:00.000Z,7.18
2026-02-12T13:25:00.000Z,7.18
2026-02-12T13:30:00.000Z,7.18
2026-02-12T13:35:00.000Z,7.18
2026-02-12T13:40:00.000Z,6.89
2026-02-12T13:45:00.000Z,6.62
2026-02-12T13:50:00.000Z,6.62
2026-02-12T13:55:00.000Z,7.28
2026-02-12T14:00:00.000Z,7.28
2026-02-12T14:05:00.000Z,6.95
2026-02-12T14:10:00.000Z,6.95
2026-02-12T14:15:00.000Z,6.95
2026-02-12T14:20:00.000Z,6.95
2026-02-12T14:25:00.000Z,6.95
2026-02-12T14:30:00.000Z,6.95
2026-02-12T14:35:00.000Z,6.64
2026-02-12T14:40:00.000Z,6.64
2026-02-12T14:45:00.000Z,6.28
2026-02-12T14:50:00.000Z,5.93
2026-02-12T14:55:00.000Z,6.57
2026-02-12T15:00:00.000Z,6.17
2026-02-12T15:05:00.000Z,6.17
2026-02-12T15:10:00.000Z,6.17
2026-02-12T15:15:00.000Z,5.74
2026-02-12T15:20:00.000Z,5.34
2026-02-12T15:25:00.000Z,5.34
2026-02-12T15:30:00.000Z,5.34
2026-02-12T15:35:00.000Z,6.06
2026-02-12T15:40:00.000Z,6.06
2026-02-12T15:45:00.000Z,6.06
2026-02-12T15:50:00.000Z,6.06
2026-02-12T15:55:00.000Z,6.06
2026-02-12T16:00:00.000Z,6.06
2026-02-12T16:05:00.000Z,6.92
2026-02-12T16:10:00.000Z,6.92
2026-02-12T16:15:00.000Z,6.92
2026-02-12T16:20:00.000Z,6.39
2026-02-12T16:25:00.000Z,5.88
2026-02-12T16:30:00.000Z,5.88
2026-02-12T16:35:00.000Z,5.88
2026-02-12T16:40:00.000Z,5.88
2026-02-12T16:45:00.000Z,5.88
2026-02-12T16:50:00.000Z,5.41
2026-02-12T16:55:00.000Z,5.41
2026-02-12T17:00:00.000Z,5.41
2026-02-12T17:05:00.000Z,5.41
2026-02-12T17:10:00.000Z,5.41
2026-02-12T17:15:00.000Z,5.41
2026-02-12T17:20:00.000Z,5.41
2026-02-12T17:25:00.000Z,6.29
2026-02-12T17:30:00.000Z,6.29
2026-02-12T17:35:00.000Z,6.29
2026-02-12T17:40:00.000Z,6.29
2026-02-12T17:45:00.000Z,6.29
2026-02-12T17:50:00.000Z,5.77
2026-02-12T17:55:00.000Z,5.77
2026-02-12T18:00:00.000Z,5.77
2026-02-12T18:05:00.000Z,5.77
2026-02-12T18:10:00.000Z,5.77
2026-02-12T18:15:00.000Z,5.31
2026-02-12T18:20:00.000Z,5.31
2026-02-12T18:25:00.000Z,5.31
2026-02-12T18:30:00.000Z,5.31
2026-02-12T18:35:00.000Z,5.31